 ; ;Sanah;sanah;
Daria;Zawiałow; ;darZaw;
Dawid;Podsiadło; ;dawPod;
Roskana;Węgiel; ;roxie;
 ; ;Taco Hemingway;taco;
 ; ;Quebonafide;quebo;
 ; ;Bedoes;bedi;
 ; ;Lanek;lanek;
 ; ;Tymek;tymek;
 ; ;White2115;white;
 ; ;Żabson;zabson;
 ; ;Mata;mata;
 ; ;Young Igi;igi;
 ; ;Sobel;sobel;
 ; ;Malik Montana;malik;
 ; ;Kizo;kizo;
 ; ;Oki;oki;
 ; ;Otsochodzi;otso;
 ; ;Young Leosia;leosia;
 ; ;Smolasty;smola;
 ; ;Jan;Rapowanie;janrapw;
 ; ;Białas;bialas2;
 ; ;Reto;reto;
 ; ;Paluch;paluch;
 ; ;Kukon;kukon;
 ; ;Pezet;pezet;
 ; ;Trill Pem;trillpem;
 ; ;Skute Bobo;skutebobo;
 ; ;Popek;popek;
 ; ;Margaret;margaret;
 ; ;Dziarma;dziarma;
 ; ;Kubi Producent;kubi-producent;
 ; ;Szpaku;szpaku;
 ; ;Sarius;Sarius;
 ; ;Schafter;schafter;
 ; ;Young Multi;multi;
 ; ;Brodka;brodka;
 ; ;Gedz;Gedz;
 ; ;Vito Bambino;vito;
 ; ;Kartky;kartky;
 ; ;Solar;solar;
 ; ;Hodak;hodak;
 ; ;Beteo;beteo;
 ; ;Adi Nowak;Adi-Nowak;
